county,tsa
Armstrong,A
Briscoe,A
Carson,A
Childress,A
Collingsworth,A
Dallam,A
Deaf Smith,A
Donley,A
Gray,A
Hall,A
Hansford,A
Hartley,A
Hemphill,A
Hutchinson,A
Lipscomb,A
Moore,A
Ochiltree,A
Oldham,A
Parmer,A
Potter,A
Randall,A
Roberts,A
Sherman,A
Swisher,A
Wheeler,A
Bailey,B
Borden,B
Castro,B
Cochran,B
Cottle,B
Crosby,B
Dawson,B
Dickens,B
Floyd,B
Gaines,B
Garza,B
Hale,B
Hockley,B
Kent,B
King,B
Lamb,B
Lubbock,B
Lynn,B
Motley,B
Scurry,B
Terry,B
Yoakum,B
Archer,C
Baylor,C
Clay,C
Foard,C
Hardeman,C
Jack,C
Montague,C
Wichita,C
Wilbarger,C
Young,C
Brown,D
Callahan,D
Coleman,D
Comanche,D
Eastland,D
Fisher,D
Haskell,D
Jones,D
Knox,D
Mitchell,D
Nolan,D
Shackelford,D
Stephens,D
Stonewall,D
Taylor,D
Throckmorton,D
Collin,E
Cooke,E
Dallas,E
Denton,E
Ellis,E
Erath,E
Fannin,E
Grayson,E
Hood,E
Hunt,E
Johnson,E
Kaufman,E
Navarro,E
Palo Pinto,E
Parker,E
Rockwall,E
Somervell,E
Tarrant,E
Wise,E
Bowie,F
Cass,F
Delta,F
Hopkins,F
Lamar,F
Morris,F
Red River,F
Titus,F
Anderson,G
Camp,G
Cherokee,G
Franklin,G
Freestone,G
Gregg,G
Harrison,G
Henderson,G
Houston,G
Marion,G
Panola,G
Rains,G
Rusk,G
Shelby,G
Smith,G
Trinity,G
Upshur,G
Van Zandt,G
Wood,G
Angelina,H
Nacogdoches,H
Polk,H
Sabine,H
San Augustine,H
San Jacinto,H
Tyler,H
Culberson,I
El Paso,I
Hudspeth,I
Andrews,J
Brewster,J
Crane,J
Ector,J
Glasscock,J
Howard,J
Jeff Davis,J
Loving,J
Martin,J
Midland,J
Pecos,J
Presidio,J
Reeves,J
Terrell,J
Upton,J
Ward,J
Winkler,J
Coke,K
Concho,K
Crockett,K
Irion,K
Kimble,K
Mason,K
McCulloch,K
Menard,K
Reagan,K
Runnels,K
Schleicher,K
Sterling,K
Sutton,K
Tom Green,K
Bell,L
Coryell,L
Hamilton,L
Lampasas,L
Milam,L
Mills,L
Bosque,M
Falls,M
Hill,M
Limestone,M
McLennan,M
Brazos,N
Burleson,N
Grimes,N
Leon,N
Madison,N
Robertson,N
Washington,N
Bastrop,O
Blanco,O
Burnet,O
Caldwell,O
Fayette,O
Hays,O
Lee,O
Llano,O
San Saba,O
Travis,O
Williamson,O
Atascosa,P
Bandera,P
Bexar,P
Comal,P
Dimmit,P
Edwards,P
Frio,P
Gillespie,P
Gonzales,P
Guadalupe,P
Karnes,P
Kendall,P
Kerr,P
Kinney,P
La Salle,P
Maverick,P
Medina,P
Real,P
Uvalde,P
Val Verde,P
Wilson,P
Zavala,P
Austin,Q
Colorado,Q
Fort Bend,Q
Harris,Q
Matagorda,Q
Montgomery,Q
Walker,Q
Waller,Q
Wharton,Q
Brazoria,R
Chambers,R
Galveston,R
Hardin,R
Jasper,R
Jefferson,R
Liberty,R
Newton,R
Orange,R
Calhoun,S
DeWitt,S
Goliad,S
Jackson,S
Lavaca,S
Victoria,S
Jim Hogg,T
Webb,T
Zapata,T
Aransas,U
Bee,U
Brooks,U
Duval,U
Jim Wells,U
Kenedy,U
Kleberg,U
Live Oak,U
McMullen,U
Nueces,U
Refugio,U
San Patricio,U
Cameron,V
Hidalgo,V
Starr,V
Willacy,V
